Image Index,Finding Label,Bbox [x,y,w,h],
00000661_000.png,Cardiomegaly,298.8474576,437.4598947,548.8813559,428.4745763,*
00002176_007.png,Pneumothorax,258.9798942,188.5460317,107.2761905,115.9449735,
00002435_005.png,Cardiomegaly,362.8474576,480.2711864,401.3559322,298.3050847,
00007471_003.png,Pneumothorax,540.7153439,106.1925926,333.7481481,483.2846561,
